timestamp,incident_id,source,service,component,severity,message,environment
2026-06-18 10:00:00,INC-1001,Jenkins,payment-api,Jenkins,INFO,Deployment started,staging
2026-06-18 10:00:51,INC-1001,Docker,payment-api,Docker,INFO,Docker image pulled,staging
2026-06-18 10:01:39,INC-1001,Kubernetes,payment-api,Kubernetes,INFO,Deployment initiated,staging
2026-06-18 10:02:16,INC-1001,PostgreSQL,payment-api,PostgreSQL,WARN,Connection pool nearing capacity,staging
2026-06-18 10:02:49,INC-1001,PostgreSQL,payment-api,PostgreSQL,ERROR,Database connection refused,staging
2026-06-18 10:04:18,INC-1001,Application,payment-api,Application,ERROR,Migration timed out,staging
2026-06-18 10:04:49,INC-1001,Jenkins,payment-api,Jenkins,ERROR,Rollback initiated,staging
2026-06-18 10:06:03,INC-1001,Jenkins,payment-api,Jenkins,ERROR,Deployment failed,staging
2026-06-18 10:09:42,INC-1002,Jenkins,order-service,Jenkins,INFO,Deployment started,production
2026-06-18 10:11:06,INC-1002,Docker,order-service,Docker,INFO,Docker image pulled,production
2026-06-18 10:11:29,INC-1002,Kubernetes,order-service,Kubernetes,INFO,Deployment initiated,production
2026-06-18 10:12:14,INC-1002,PostgreSQL,order-service,PostgreSQL,WARN,Connection pool nearing capacity,production
2026-06-18 10:13:43,INC-1002,PostgreSQL,order-service,PostgreSQL,ERROR,Database connection refused,production
2026-06-18 10:14:56,INC-1002,Application,order-service,Application,ERROR,Migration timed out,production
2026-06-18 10:15:44,INC-1002,Jenkins,order-service,Jenkins,ERROR,Rollback initiated,production
2026-06-18 10:17:01,INC-1002,Jenkins,order-service,Jenkins,ERROR,Deployment failed,production
2026-06-18 10:27:50,INC-1003,Jenkins,order-service,Jenkins,INFO,Deployment started,staging
2026-06-18 10:28:53,INC-1003,Docker,order-service,Docker,INFO,Docker image pulled,staging
2026-06-18 10:29:48,INC-1003,Kubernetes,order-service,Kubernetes,INFO,Deployment initiated,staging
2026-06-18 10:30:27,INC-1003,PostgreSQL,order-service,PostgreSQL,WARN,Connection pool nearing capacity,staging
2026-06-18 10:31:14,INC-1003,PostgreSQL,order-service,PostgreSQL,ERROR,Database connection refused,staging
2026-06-18 10:32:17,INC-1003,Application,order-service,Application,ERROR,Migration timed out,staging
2026-06-18 10:32:50,INC-1003,Jenkins,order-service,Jenkins,ERROR,Rollback initiated,staging
2026-06-18 10:33:21,INC-1003,Jenkins,order-service,Jenkins,ERROR,Deployment failed,staging
2026-06-18 10:38:18,INC-1004,Docker,inventory-service,Docker,INFO,Container started,staging
2026-06-18 10:38:43,INC-1004,Application,inventory-service,Application,ERROR,Unhandled exception during startup,staging
2026-06-18 10:40:01,INC-1004,Kubernetes,inventory-service,Kubernetes,ERROR,CrashLoopBackOff detected,staging
2026-06-18 10:41:29,INC-1004,Kubernetes,inventory-service,Kubernetes,WARN,Restarting container,staging
2026-06-18 10:42:04,INC-1004,Application,inventory-service,Application,ERROR,Startup failed,staging
2026-06-18 10:43:12,INC-1004,Kubernetes,inventory-service,Kubernetes,ERROR,Pod unhealthy,staging
2026-06-18 10:51:24,INC-1005,Docker,notification-service,Docker,INFO,Container started,staging
2026-06-18 10:52:08,INC-1005,Application,notification-service,Application,ERROR,Unhandled exception during startup,staging
2026-06-18 10:52:36,INC-1005,Kubernetes,notification-service,Kubernetes,ERROR,CrashLoopBackOff detected,staging
2026-06-18 10:53:01,INC-1005,Kubernetes,notification-service,Kubernetes,WARN,Restarting container,staging
2026-06-18 10:53:50,INC-1005,Application,notification-service,Application,ERROR,Startup failed,staging
2026-06-18 10:54:47,INC-1005,Kubernetes,notification-service,Kubernetes,ERROR,Pod unhealthy,staging
2026-06-18 11:00:16,INC-1006,Jenkins,auth-service,Jenkins,INFO,Deployment started,staging
2026-06-18 11:01:34,INC-1006,Docker,auth-service,Docker,INFO,Docker image pulled,staging
2026-06-18 11:02:40,INC-1006,Kubernetes,auth-service,Kubernetes,INFO,Deployment initiated,staging
2026-06-18 11:03:20,INC-1006,PostgreSQL,auth-service,PostgreSQL,WARN,Connection pool nearing capacity,staging
2026-06-18 11:04:27,INC-1006,PostgreSQL,auth-service,PostgreSQL,ERROR,Database connection refused,staging
2026-06-18 11:05:32,INC-1006,Application,auth-service,Application,ERROR,Migration timed out,staging
2026-06-18 11:06:18,INC-1006,Jenkins,auth-service,Jenkins,ERROR,Rollback initiated,staging
2026-06-18 11:07:12,INC-1006,Jenkins,auth-service,Jenkins,ERROR,Deployment failed,staging
2026-06-18 11:15:52,INC-1007,Redis,notification-service,Redis,INFO,Cache warming completed,production
2026-06-18 11:16:32,INC-1007,Redis,notification-service,Redis,WARN,Memory usage exceeded 90%,production
2026-06-18 11:17:51,INC-1007,Redis,notification-service,Redis,ERROR,Redis unavailable,production
2026-06-18 11:18:59,INC-1007,Application,notification-service,Application,WARN,Fallback to database,production
2026-06-18 11:19:53,INC-1007,Application,notification-service,Application,WARN,API latency increased,production
2026-06-18 11:20:41,INC-1007,Redis,notification-service,Redis,INFO,Redis restarted,production
2026-06-18 11:21:42,INC-1007,Application,notification-service,Application,INFO,Service recovered,production
2026-06-18 11:27:06,INC-1008,Jenkins,inventory-service,Jenkins,INFO,Deployment started,staging
2026-06-18 11:28:00,INC-1008,Docker,inventory-service,Docker,INFO,Docker image pulled,staging
2026-06-18 11:28:28,INC-1008,Kubernetes,inventory-service,Kubernetes,INFO,Deployment initiated,staging
2026-06-18 11:29:15,INC-1008,PostgreSQL,inventory-service,PostgreSQL,WARN,Connection pool nearing capacity,staging
2026-06-18 11:30:15,INC-1008,PostgreSQL,inventory-service,PostgreSQL,ERROR,Database connection refused,staging
2026-06-18 11:31:02,INC-1008,Application,inventory-service,Application,ERROR,Migration timed out,staging
2026-06-18 11:32:25,INC-1008,Jenkins,inventory-service,Jenkins,ERROR,Rollback initiated,staging
2026-06-18 11:33:35,INC-1008,Jenkins,inventory-service,Jenkins,ERROR,Deployment failed,staging
2026-06-18 11:39:06,INC-1009,Docker,order-service,Docker,INFO,Container started,production
2026-06-18 11:40:34,INC-1009,Application,order-service,Application,ERROR,Unhandled exception during startup,production
2026-06-18 11:41:27,INC-1009,Kubernetes,order-service,Kubernetes,ERROR,CrashLoopBackOff detected,production
2026-06-18 11:42:41,INC-1009,Kubernetes,order-service,Kubernetes,WARN,Restarting container,production
2026-06-18 11:43:52,INC-1009,Application,order-service,Application,ERROR,Startup failed,production
2026-06-18 11:44:58,INC-1009,Kubernetes,order-service,Kubernetes,ERROR,Pod unhealthy,production
2026-06-18 11:49:56,INC-1010,Jenkins,payment-api,Jenkins,INFO,Deployment started,production
2026-06-18 11:50:30,INC-1010,Docker,payment-api,Docker,ERROR,Registry authentication failed,production
2026-06-18 11:51:09,INC-1010,Kubernetes,payment-api,Kubernetes,ERROR,ImagePullBackOff,production
2026-06-18 11:51:49,INC-1010,Kubernetes,payment-api,Kubernetes,WARN,Retrying image pull,production
2026-06-18 11:53:03,INC-1010,Jenkins,payment-api,Jenkins,ERROR,Deployment failed,production
2026-06-18 11:59:48,INC-1011,Jenkins,notification-service,Jenkins,INFO,Deployment started,staging
2026-06-18 12:01:15,INC-1011,Docker,notification-service,Docker,ERROR,Registry authentication failed,staging
2026-06-18 12:02:07,INC-1011,Kubernetes,notification-service,Kubernetes,ERROR,ImagePullBackOff,staging
2026-06-18 12:03:37,INC-1011,Kubernetes,notification-service,Kubernetes,WARN,Retrying image pull,staging
2026-06-18 12:03:58,INC-1011,Jenkins,notification-service,Jenkins,ERROR,Deployment failed,staging
2026-06-18 12:13:21,INC-1012,Docker,inventory-service,Docker,INFO,Container started,production
2026-06-18 12:14:18,INC-1012,Application,inventory-service,Application,ERROR,Unhandled exception during startup,production
2026-06-18 12:15:33,INC-1012,Kubernetes,inventory-service,Kubernetes,ERROR,CrashLoopBackOff detected,production
2026-06-18 12:16:13,INC-1012,Kubernetes,inventory-service,Kubernetes,WARN,Restarting container,production
2026-06-18 12:17:31,INC-1012,Application,inventory-service,Application,ERROR,Startup failed,production
2026-06-18 12:17:51,INC-1012,Kubernetes,inventory-service,Kubernetes,ERROR,Pod unhealthy,production
2026-06-18 12:26:00,INC-1013,Redis,notification-service,Redis,INFO,Cache warming completed,production
2026-06-18 12:26:58,INC-1013,Redis,notification-service,Redis,WARN,Memory usage exceeded 90%,production
2026-06-18 12:28:22,INC-1013,Redis,notification-service,Redis,ERROR,Redis unavailable,production
2026-06-18 12:29:07,INC-1013,Application,notification-service,Application,WARN,Fallback to database,production
2026-06-18 12:29:46,INC-1013,Application,notification-service,Application,WARN,API latency increased,production
2026-06-18 12:30:53,INC-1013,Redis,notification-service,Redis,INFO,Redis restarted,production
2026-06-18 12:31:33,INC-1013,Application,notification-service,Application,INFO,Service recovered,production
2026-06-18 12:42:40,INC-1014,Jenkins,notification-service,Jenkins,INFO,Deployment started,staging
2026-06-18 12:44:02,INC-1014,Docker,notification-service,Docker,INFO,Docker image pulled,staging
2026-06-18 12:44:24,INC-1014,Kubernetes,notification-service,Kubernetes,INFO,Deployment initiated,staging
2026-06-18 12:44:58,INC-1014,PostgreSQL,notification-service,PostgreSQL,WARN,Connection pool nearing capacity,staging
2026-06-18 12:46:04,INC-1014,PostgreSQL,notification-service,PostgreSQL,ERROR,Database connection refused,staging
2026-06-18 12:47:03,INC-1014,Application,notification-service,Application,ERROR,Migration timed out,staging
2026-06-18 12:47:53,INC-1014,Jenkins,notification-service,Jenkins,ERROR,Rollback initiated,staging
2026-06-18 12:48:20,INC-1014,Jenkins,notification-service,Jenkins,ERROR,Deployment failed,staging
2026-06-18 12:57:00,INC-1015,Jenkins,payment-api,Jenkins,INFO,Deployment started,staging
2026-06-18 12:57:28,INC-1015,Docker,payment-api,Docker,INFO,Docker image pulled,staging
2026-06-18 12:58:56,INC-1015,Kubernetes,payment-api,Kubernetes,INFO,Deployment initiated,staging
2026-06-18 12:59:32,INC-1015,PostgreSQL,payment-api,PostgreSQL,WARN,Connection pool nearing capacity,staging
2026-06-18 13:00:08,INC-1015,PostgreSQL,payment-api,PostgreSQL,ERROR,Database connection refused,staging
2026-06-18 13:01:28,INC-1015,Application,payment-api,Application,ERROR,Migration timed out,staging
2026-06-18 13:02:58,INC-1015,Jenkins,payment-api,Jenkins,ERROR,Rollback initiated,staging
2026-06-18 13:03:39,INC-1015,Jenkins,payment-api,Jenkins,ERROR,Deployment failed,staging
2026-06-18 13:12:02,INC-1016,Jenkins,order-service,Jenkins,INFO,Deployment started,production
2026-06-18 13:13:01,INC-1016,Docker,order-service,Docker,ERROR,Registry authentication failed,production
2026-06-18 13:14:12,INC-1016,Kubernetes,order-service,Kubernetes,ERROR,ImagePullBackOff,production
2026-06-18 13:15:19,INC-1016,Kubernetes,order-service,Kubernetes,WARN,Retrying image pull,production
2026-06-18 13:16:35,INC-1016,Jenkins,order-service,Jenkins,ERROR,Deployment failed,production
2026-06-18 13:24:52,INC-1017,Jenkins,order-service,Jenkins,INFO,Deployment started,production
2026-06-18 13:25:20,INC-1017,Docker,order-service,Docker,INFO,Docker image pulled,production
2026-06-18 13:26:23,INC-1017,Kubernetes,order-service,Kubernetes,INFO,Deployment initiated,production
2026-06-18 13:26:45,INC-1017,PostgreSQL,order-service,PostgreSQL,WARN,Connection pool nearing capacity,production
2026-06-18 13:28:15,INC-1017,PostgreSQL,order-service,PostgreSQL,ERROR,Database connection refused,production
2026-06-18 13:29:04,INC-1017,Application,order-service,Application,ERROR,Migration timed out,production
2026-06-18 13:29:52,INC-1017,Jenkins,order-service,Jenkins,ERROR,Rollback initiated,production
2026-06-18 13:30:12,INC-1017,Jenkins,order-service,Jenkins,ERROR,Deployment failed,production
2026-06-18 13:39:43,INC-1018,Jenkins,order-service,Jenkins,INFO,Deployment started,production
2026-06-18 13:40:07,INC-1018,Docker,order-service,Docker,INFO,Docker image pulled,production
2026-06-18 13:41:09,INC-1018,Kubernetes,order-service,Kubernetes,INFO,Deployment initiated,production
2026-06-18 13:41:38,INC-1018,PostgreSQL,order-service,PostgreSQL,WARN,Connection pool nearing capacity,production
2026-06-18 13:43:03,INC-1018,PostgreSQL,order-service,PostgreSQL,ERROR,Database connection refused,production
2026-06-18 13:43:53,INC-1018,Application,order-service,Application,ERROR,Migration timed out,production
2026-06-18 13:44:48,INC-1018,Jenkins,order-service,Jenkins,ERROR,Rollback initiated,production
2026-06-18 13:46:10,INC-1018,Jenkins,order-service,Jenkins,ERROR,Deployment failed,production
2026-06-18 13:54:33,INC-1019,Redis,notification-service,Redis,INFO,Cache warming completed,staging
2026-06-18 13:55:24,INC-1019,Redis,notification-service,Redis,WARN,Memory usage exceeded 90%,staging
2026-06-18 13:56:44,INC-1019,Redis,notification-service,Redis,ERROR,Redis unavailable,staging
2026-06-18 13:57:56,INC-1019,Application,notification-service,Application,WARN,Fallback to database,staging
2026-06-18 13:58:40,INC-1019,Application,notification-service,Application,WARN,API latency increased,staging
2026-06-18 13:59:12,INC-1019,Redis,notification-service,Redis,INFO,Redis restarted,staging
2026-06-18 13:59:44,INC-1019,Application,notification-service,Application,INFO,Service recovered,staging
2026-06-18 14:07:00,INC-1020,Jenkins,auth-service,Jenkins,INFO,Deployment started,staging
2026-06-18 14:07:26,INC-1020,Docker,auth-service,Docker,ERROR,Registry authentication failed,staging
2026-06-18 14:07:58,INC-1020,Kubernetes,auth-service,Kubernetes,ERROR,ImagePullBackOff,staging
2026-06-18 14:08:25,INC-1020,Kubernetes,auth-service,Kubernetes,WARN,Retrying image pull,staging
2026-06-18 14:09:36,INC-1020,Jenkins,auth-service,Jenkins,ERROR,Deployment failed,staging
2026-06-18 14:20:28,INC-1021,Jenkins,order-service,Jenkins,INFO,Deployment started,production
2026-06-18 14:21:12,INC-1021,Docker,order-service,Docker,INFO,Docker image pulled,production
2026-06-18 14:22:40,INC-1021,Kubernetes,order-service,Kubernetes,INFO,Deployment initiated,production
2026-06-18 14:23:57,INC-1021,PostgreSQL,order-service,PostgreSQL,WARN,Connection pool nearing capacity,production
2026-06-18 14:24:34,INC-1021,PostgreSQL,order-service,PostgreSQL,ERROR,Database connection refused,production
2026-06-18 14:25:48,INC-1021,Application,order-service,Application,ERROR,Migration timed out,production
2026-06-18 14:26:31,INC-1021,Jenkins,order-service,Jenkins,ERROR,Rollback initiated,production
2026-06-18 14:27:26,INC-1021,Jenkins,order-service,Jenkins,ERROR,Deployment failed,production
2026-06-18 14:33:52,INC-1022,Jenkins,auth-service,Jenkins,INFO,Deployment started,production
2026-06-18 14:34:18,INC-1022,Docker,auth-service,Docker,INFO,Docker image pulled,production
2026-06-18 14:35:47,INC-1022,Kubernetes,auth-service,Kubernetes,INFO,Deployment initiated,production
2026-06-18 14:36:08,INC-1022,PostgreSQL,auth-service,PostgreSQL,WARN,Connection pool nearing capacity,production
2026-06-18 14:36:39,INC-1022,PostgreSQL,auth-service,PostgreSQL,ERROR,Database connection refused,production
2026-06-18 14:37:29,INC-1022,Application,auth-service,Application,ERROR,Migration timed out,production
2026-06-18 14:38:10,INC-1022,Jenkins,auth-service,Jenkins,ERROR,Rollback initiated,production
2026-06-18 14:39:22,INC-1022,Jenkins,auth-service,Jenkins,ERROR,Deployment failed,production
2026-06-18 14:47:50,INC-1023,Redis,auth-service,Redis,INFO,Cache warming completed,production
2026-06-18 14:48:31,INC-1023,Redis,auth-service,Redis,WARN,Memory usage exceeded 90%,production
2026-06-18 14:49:39,INC-1023,Redis,auth-service,Redis,ERROR,Redis unavailable,production
2026-06-18 14:49:59,INC-1023,Application,auth-service,Application,WARN,Fallback to database,production
2026-06-18 14:51:08,INC-1023,Application,auth-service,Application,WARN,API latency increased,production
2026-06-18 14:52:01,INC-1023,Redis,auth-service,Redis,INFO,Redis restarted,production
2026-06-18 14:53:19,INC-1023,Application,auth-service,Application,INFO,Service recovered,production
2026-06-18 15:00:51,INC-1024,Jenkins,order-service,Jenkins,INFO,Deployment started,production
2026-06-18 15:01:48,INC-1024,Docker,order-service,Docker,ERROR,Registry authentication failed,production
2026-06-18 15:02:35,INC-1024,Kubernetes,order-service,Kubernetes,ERROR,ImagePullBackOff,production
2026-06-18 15:03:02,INC-1024,Kubernetes,order-service,Kubernetes,WARN,Retrying image pull,production
2026-06-18 15:04:31,INC-1024,Jenkins,order-service,Jenkins,ERROR,Deployment failed,production
2026-06-18 15:14:20,INC-1025,Docker,payment-api,Docker,INFO,Container started,production
2026-06-18 15:15:41,INC-1025,Application,payment-api,Application,ERROR,Unhandled exception during startup,production
2026-06-18 15:17:05,INC-1025,Kubernetes,payment-api,Kubernetes,ERROR,CrashLoopBackOff detected,production
2026-06-18 15:18:32,INC-1025,Kubernetes,payment-api,Kubernetes,WARN,Restarting container,production
2026-06-18 15:19:12,INC-1025,Application,payment-api,Application,ERROR,Startup failed,production
2026-06-18 15:19:39,INC-1025,Kubernetes,payment-api,Kubernetes,ERROR,Pod unhealthy,production
2026-06-18 15:24:45,INC-1026,Redis,payment-api,Redis,INFO,Cache warming completed,production
2026-06-18 15:25:35,INC-1026,Redis,payment-api,Redis,WARN,Memory usage exceeded 90%,production
2026-06-18 15:26:46,INC-1026,Redis,payment-api,Redis,ERROR,Redis unavailable,production
2026-06-18 15:27:21,INC-1026,Application,payment-api,Application,WARN,Fallback to database,production
2026-06-18 15:28:12,INC-1026,Application,payment-api,Application,WARN,API latency increased,production
2026-06-18 15:28:37,INC-1026,Redis,payment-api,Redis,INFO,Redis restarted,production
2026-06-18 15:29:07,INC-1026,Application,payment-api,Application,INFO,Service recovered,production
2026-06-18 15:38:56,INC-1027,Docker,inventory-service,Docker,INFO,Container started,production
2026-06-18 15:39:56,INC-1027,Application,inventory-service,Application,ERROR,Unhandled exception during startup,production
2026-06-18 15:40:46,INC-1027,Kubernetes,inventory-service,Kubernetes,ERROR,CrashLoopBackOff detected,production
2026-06-18 15:41:39,INC-1027,Kubernetes,inventory-service,Kubernetes,WARN,Restarting container,production
2026-06-18 15:42:49,INC-1027,Application,inventory-service,Application,ERROR,Startup failed,production
2026-06-18 15:43:25,INC-1027,Kubernetes,inventory-service,Kubernetes,ERROR,Pod unhealthy,production
2026-06-18 15:51:17,INC-1028,Docker,payment-api,Docker,INFO,Container started,production
2026-06-18 15:52:35,INC-1028,Application,payment-api,Application,ERROR,Unhandled exception during startup,production
2026-06-18 15:53:07,INC-1028,Kubernetes,payment-api,Kubernetes,ERROR,CrashLoopBackOff detected,production
2026-06-18 15:53:36,INC-1028,Kubernetes,payment-api,Kubernetes,WARN,Restarting container,production
2026-06-18 15:55:04,INC-1028,Application,payment-api,Application,ERROR,Startup failed,production
2026-06-18 15:55:51,INC-1028,Kubernetes,payment-api,Kubernetes,ERROR,Pod unhealthy,production
2026-06-18 16:02:30,INC-1029,Redis,inventory-service,Redis,INFO,Cache warming completed,production
2026-06-18 16:03:21,INC-1029,Redis,inventory-service,Redis,WARN,Memory usage exceeded 90%,production
2026-06-18 16:04:28,INC-1029,Redis,inventory-service,Redis,ERROR,Redis unavailable,production
2026-06-18 16:05:24,INC-1029,Application,inventory-service,Application,WARN,Fallback to database,production
2026-06-18 16:06:04,INC-1029,Application,inventory-service,Application,WARN,API latency increased,production
2026-06-18 16:07:20,INC-1029,Redis,inventory-service,Redis,INFO,Redis restarted,production
2026-06-18 16:08:49,INC-1029,Application,inventory-service,Application,INFO,Service recovered,production
2026-06-18 16:18:00,INC-1030,Jenkins,notification-service,Jenkins,INFO,Deployment started,staging
2026-06-18 16:18:33,INC-1030,Docker,notification-service,Docker,INFO,Docker image pulled,staging
2026-06-18 16:19:10,INC-1030,Kubernetes,notification-service,Kubernetes,INFO,Deployment initiated,staging
2026-06-18 16:20:03,INC-1030,PostgreSQL,notification-service,PostgreSQL,WARN,Connection pool nearing capacity,staging
2026-06-18 16:20:37,INC-1030,PostgreSQL,notification-service,PostgreSQL,ERROR,Database connection refused,staging
2026-06-18 16:21:10,INC-1030,Application,notification-service,Application,ERROR,Migration timed out,staging
2026-06-18 16:22:40,INC-1030,Jenkins,notification-service,Jenkins,ERROR,Rollback initiated,staging
2026-06-18 16:23:19,INC-1030,Jenkins,notification-service,Jenkins,ERROR,Deployment failed,staging
2026-06-18 16:29:37,INC-1031,Redis,inventory-service,Redis,INFO,Cache warming completed,production
2026-06-18 16:30:30,INC-1031,Redis,inventory-service,Redis,WARN,Memory usage exceeded 90%,production
2026-06-18 16:31:54,INC-1031,Redis,inventory-service,Redis,ERROR,Redis unavailable,production
2026-06-18 16:33:16,INC-1031,Application,inventory-service,Application,WARN,Fallback to database,production
2026-06-18 16:34:08,INC-1031,Application,inventory-service,Application,WARN,API latency increased,production
2026-06-18 16:34:34,INC-1031,Redis,inventory-service,Redis,INFO,Redis restarted,production
2026-06-18 16:35:05,INC-1031,Application,inventory-service,Application,INFO,Service recovered,production
2026-06-18 16:41:40,INC-1032,Jenkins,payment-api,Jenkins,INFO,Deployment started,staging
2026-06-18 16:42:16,INC-1032,Docker,payment-api,Docker,INFO,Docker image pulled,staging
2026-06-18 16:43:09,INC-1032,Kubernetes,payment-api,Kubernetes,INFO,Deployment initiated,staging
2026-06-18 16:43:49,INC-1032,PostgreSQL,payment-api,PostgreSQL,WARN,Connection pool nearing capacity,staging
2026-06-18 16:45:05,INC-1032,PostgreSQL,payment-api,PostgreSQL,ERROR,Database connection refused,staging
2026-06-18 16:46:35,INC-1032,Application,payment-api,Application,ERROR,Migration timed out,staging
2026-06-18 16:47:49,INC-1032,Jenkins,payment-api,Jenkins,ERROR,Rollback initiated,staging
2026-06-18 16:48:10,INC-1032,Jenkins,payment-api,Jenkins,ERROR,Deployment failed,staging
2026-06-18 16:52:22,INC-1033,Redis,notification-service,Redis,INFO,Cache warming completed,production
2026-06-18 16:53:29,INC-1033,Redis,notification-service,Redis,WARN,Memory usage exceeded 90%,production
2026-06-18 16:54:59,INC-1033,Redis,notification-service,Redis,ERROR,Redis unavailable,production
2026-06-18 16:55:37,INC-1033,Application,notification-service,Application,WARN,Fallback to database,production
2026-06-18 16:56:52,INC-1033,Application,notification-service,Application,WARN,API latency increased,production
2026-06-18 16:57:28,INC-1033,Redis,notification-service,Redis,INFO,Redis restarted,production
2026-06-18 16:57:53,INC-1033,Application,notification-service,Application,INFO,Service recovered,production
2026-06-18 17:04:58,INC-1034,Jenkins,inventory-service,Jenkins,INFO,Deployment started,production
2026-06-18 17:05:49,INC-1034,Docker,inventory-service,Docker,INFO,Docker image pulled,production
2026-06-18 17:06:22,INC-1034,Kubernetes,inventory-service,Kubernetes,INFO,Deployment initiated,production
2026-06-18 17:07:27,INC-1034,PostgreSQL,inventory-service,PostgreSQL,WARN,Connection pool nearing capacity,production
2026-06-18 17:08:39,INC-1034,PostgreSQL,inventory-service,PostgreSQL,ERROR,Database connection refused,production
2026-06-18 17:09:18,INC-1034,Application,inventory-service,Application,ERROR,Migration timed out,production
2026-06-18 17:10:08,INC-1034,Jenkins,inventory-service,Jenkins,ERROR,Rollback initiated,production
2026-06-18 17:10:48,INC-1034,Jenkins,inventory-service,Jenkins,ERROR,Deployment failed,production
2026-06-18 17:18:01,INC-1035,Jenkins,order-service,Jenkins,INFO,Deployment started,staging
2026-06-18 17:19:13,INC-1035,Docker,order-service,Docker,INFO,Docker image pulled,staging
2026-06-18 17:20:04,INC-1035,Kubernetes,order-service,Kubernetes,INFO,Deployment initiated,staging
2026-06-18 17:20:58,INC-1035,PostgreSQL,order-service,PostgreSQL,WARN,Connection pool nearing capacity,staging
2026-06-18 17:21:38,INC-1035,PostgreSQL,order-service,PostgreSQL,ERROR,Database connection refused,staging
2026-06-18 17:22:11,INC-1035,Application,order-service,Application,ERROR,Migration timed out,staging
2026-06-18 17:23:19,INC-1035,Jenkins,order-service,Jenkins,ERROR,Rollback initiated,staging
2026-06-18 17:23:43,INC-1035,Jenkins,order-service,Jenkins,ERROR,Deployment failed,staging
2026-06-18 17:29:56,INC-1036,Redis,auth-service,Redis,INFO,Cache warming completed,staging
2026-06-18 17:30:55,INC-1036,Redis,auth-service,Redis,WARN,Memory usage exceeded 90%,staging
2026-06-18 17:31:44,INC-1036,Redis,auth-service,Redis,ERROR,Redis unavailable,staging
2026-06-18 17:32:32,INC-1036,Application,auth-service,Application,WARN,Fallback to database,staging
2026-06-18 17:32:55,INC-1036,Application,auth-service,Application,WARN,API latency increased,staging
2026-06-18 17:33:39,INC-1036,Redis,auth-service,Redis,INFO,Redis restarted,staging
2026-06-18 17:34:50,INC-1036,Application,auth-service,Application,INFO,Service recovered,staging
2026-06-18 17:41:14,INC-1037,Jenkins,inventory-service,Jenkins,INFO,Deployment started,staging
2026-06-18 17:42:39,INC-1037,Docker,inventory-service,Docker,INFO,Docker image pulled,staging
2026-06-18 17:43:50,INC-1037,Kubernetes,inventory-service,Kubernetes,INFO,Deployment initiated,staging
2026-06-18 17:45:18,INC-1037,PostgreSQL,inventory-service,PostgreSQL,WARN,Connection pool nearing capacity,staging
2026-06-18 17:46:20,INC-1037,PostgreSQL,inventory-service,PostgreSQL,ERROR,Database connection refused,staging
2026-06-18 17:46:43,INC-1037,Application,inventory-service,Application,ERROR,Migration timed out,staging
2026-06-18 17:47:17,INC-1037,Jenkins,inventory-service,Jenkins,ERROR,Rollback initiated,staging
2026-06-18 17:48:10,INC-1037,Jenkins,inventory-service,Jenkins,ERROR,Deployment failed,staging
2026-06-18 17:56:49,INC-1038,Docker,payment-api,Docker,INFO,Container started,production
2026-06-18 17:58:04,INC-1038,Application,payment-api,Application,ERROR,Unhandled exception during startup,production
2026-06-18 17:59:08,INC-1038,Kubernetes,payment-api,Kubernetes,ERROR,CrashLoopBackOff detected,production
2026-06-18 18:00:08,INC-1038,Kubernetes,payment-api,Kubernetes,WARN,Restarting container,production
2026-06-18 18:01:23,INC-1038,Application,payment-api,Application,ERROR,Startup failed,production
2026-06-18 18:02:48,INC-1038,Kubernetes,payment-api,Kubernetes,ERROR,Pod unhealthy,production
2026-06-18 18:09:39,INC-1039,Redis,inventory-service,Redis,INFO,Cache warming completed,production
2026-06-18 18:10:54,INC-1039,Redis,inventory-service,Redis,WARN,Memory usage exceeded 90%,production
2026-06-18 18:11:14,INC-1039,Redis,inventory-service,Redis,ERROR,Redis unavailable,production
2026-06-18 18:12:40,INC-1039,Application,inventory-service,Application,WARN,Fallback to database,production
2026-06-18 18:14:08,INC-1039,Application,inventory-service,Application,WARN,API latency increased,production
2026-06-18 18:14:53,INC-1039,Redis,inventory-service,Redis,INFO,Redis restarted,production
2026-06-18 18:15:59,INC-1039,Application,inventory-service,Application,INFO,Service recovered,production
2026-06-18 18:20:49,INC-1040,Docker,notification-service,Docker,INFO,Container started,staging
2026-06-18 18:21:24,INC-1040,Application,notification-service,Application,ERROR,Unhandled exception during startup,staging
2026-06-18 18:22:22,INC-1040,Kubernetes,notification-service,Kubernetes,ERROR,CrashLoopBackOff detected,staging
2026-06-18 18:23:46,INC-1040,Kubernetes,notification-service,Kubernetes,WARN,Restarting container,staging
2026-06-18 18:24:45,INC-1040,Application,notification-service,Application,ERROR,Startup failed,staging
2026-06-18 18:25:57,INC-1040,Kubernetes,notification-service,Kubernetes,ERROR,Pod unhealthy,staging
2026-06-18 18:33:24,INC-1041,Docker,notification-service,Docker,INFO,Container started,production
2026-06-18 18:34:08,INC-1041,Application,notification-service,Application,ERROR,Unhandled exception during startup,production
2026-06-18 18:35:21,INC-1041,Kubernetes,notification-service,Kubernetes,ERROR,CrashLoopBackOff detected,production
2026-06-18 18:36:29,INC-1041,Kubernetes,notification-service,Kubernetes,WARN,Restarting container,production
2026-06-18 18:37:11,INC-1041,Application,notification-service,Application,ERROR,Startup failed,production
2026-06-18 18:38:09,INC-1041,Kubernetes,notification-service,Kubernetes,ERROR,Pod unhealthy,production
2026-06-18 18:47:00,INC-1042,Jenkins,inventory-service,Jenkins,INFO,Deployment started,staging
2026-06-18 18:47:46,INC-1042,Docker,inventory-service,Docker,INFO,Docker image pulled,staging
2026-06-18 18:49:01,INC-1042,Kubernetes,inventory-service,Kubernetes,INFO,Deployment initiated,staging
2026-06-18 18:50:02,INC-1042,PostgreSQL,inventory-service,PostgreSQL,WARN,Connection pool nearing capacity,staging
2026-06-18 18:51:21,INC-1042,PostgreSQL,inventory-service,PostgreSQL,ERROR,Database connection refused,staging
2026-06-18 18:52:37,INC-1042,Application,inventory-service,Application,ERROR,Migration timed out,staging
2026-06-18 18:53:53,INC-1042,Jenkins,inventory-service,Jenkins,ERROR,Rollback initiated,staging
2026-06-18 18:54:40,INC-1042,Jenkins,inventory-service,Jenkins,ERROR,Deployment failed,staging
2026-06-18 19:03:07,INC-1043,Redis,payment-api,Redis,INFO,Cache warming completed,staging
2026-06-18 19:04:32,INC-1043,Redis,payment-api,Redis,WARN,Memory usage exceeded 90%,staging
2026-06-18 19:05:34,INC-1043,Redis,payment-api,Redis,ERROR,Redis unavailable,staging
2026-06-18 19:06:05,INC-1043,Application,payment-api,Application,WARN,Fallback to database,staging
2026-06-18 19:06:55,INC-1043,Application,payment-api,Application,WARN,API latency increased,staging
2026-06-18 19:07:54,INC-1043,Redis,payment-api,Redis,INFO,Redis restarted,staging
2026-06-18 19:08:42,INC-1043,Application,payment-api,Application,INFO,Service recovered,staging
2026-06-18 19:13:42,INC-1044,Jenkins,payment-api,Jenkins,INFO,Deployment started,production
2026-06-18 19:15:02,INC-1044,Docker,payment-api,Docker,INFO,Docker image pulled,production
2026-06-18 19:15:31,INC-1044,Kubernetes,payment-api,Kubernetes,INFO,Deployment initiated,production
2026-06-18 19:16:49,INC-1044,PostgreSQL,payment-api,PostgreSQL,WARN,Connection pool nearing capacity,production
2026-06-18 19:18:02,INC-1044,PostgreSQL,payment-api,PostgreSQL,ERROR,Database connection refused,production
2026-06-18 19:18:46,INC-1044,Application,payment-api,Application,ERROR,Migration timed out,production
2026-06-18 19:19:55,INC-1044,Jenkins,payment-api,Jenkins,ERROR,Rollback initiated,production
2026-06-18 19:21:18,INC-1044,Jenkins,payment-api,Jenkins,ERROR,Deployment failed,production
2026-06-18 19:27:33,INC-1045,Redis,payment-api,Redis,INFO,Cache warming completed,production
2026-06-18 19:28:47,INC-1045,Redis,payment-api,Redis,WARN,Memory usage exceeded 90%,production
2026-06-18 19:29:35,INC-1045,Redis,payment-api,Redis,ERROR,Redis unavailable,production
2026-06-18 19:30:17,INC-1045,Application,payment-api,Application,WARN,Fallback to database,production
2026-06-18 19:31:43,INC-1045,Application,payment-api,Application,WARN,API latency increased,production
2026-06-18 19:33:02,INC-1045,Redis,payment-api,Redis,INFO,Redis restarted,production
2026-06-18 19:33:28,INC-1045,Application,payment-api,Application,INFO,Service recovered,production
2026-06-18 19:38:21,INC-1046,Jenkins,order-service,Jenkins,INFO,Deployment started,staging
2026-06-18 19:39:48,INC-1046,Docker,order-service,Docker,ERROR,Registry authentication failed,staging
2026-06-18 19:40:48,INC-1046,Kubernetes,order-service,Kubernetes,ERROR,ImagePullBackOff,staging
2026-06-18 19:42:04,INC-1046,Kubernetes,order-service,Kubernetes,WARN,Retrying image pull,staging
2026-06-18 19:43:28,INC-1046,Jenkins,order-service,Jenkins,ERROR,Deployment failed,staging
2026-06-18 19:52:22,INC-1047,Jenkins,order-service,Jenkins,INFO,Deployment started,staging
2026-06-18 19:53:39,INC-1047,Docker,order-service,Docker,ERROR,Registry authentication failed,staging
2026-06-18 19:54:32,INC-1047,Kubernetes,order-service,Kubernetes,ERROR,ImagePullBackOff,staging
2026-06-18 19:55:23,INC-1047,Kubernetes,order-service,Kubernetes,WARN,Retrying image pull,staging
2026-06-18 19:56:18,INC-1047,Jenkins,order-service,Jenkins,ERROR,Deployment failed,staging
2026-06-18 20:04:52,INC-1048,Redis,inventory-service,Redis,INFO,Cache warming completed,staging
2026-06-18 20:05:21,INC-1048,Redis,inventory-service,Redis,WARN,Memory usage exceeded 90%,staging
2026-06-18 20:06:17,INC-1048,Redis,inventory-service,Redis,ERROR,Redis unavailable,staging
2026-06-18 20:07:07,INC-1048,Application,inventory-service,Application,WARN,Fallback to database,staging
2026-06-18 20:08:01,INC-1048,Application,inventory-service,Application,WARN,API latency increased,staging
2026-06-18 20:09:03,INC-1048,Redis,inventory-service,Redis,INFO,Redis restarted,staging
2026-06-18 20:10:03,INC-1048,Application,inventory-service,Application,INFO,Service recovered,staging
2026-06-18 20:15:13,INC-1049,Redis,order-service,Redis,INFO,Cache warming completed,production
2026-06-18 20:16:22,INC-1049,Redis,order-service,Redis,WARN,Memory usage exceeded 90%,production
2026-06-18 20:17:01,INC-1049,Redis,order-service,Redis,ERROR,Redis unavailable,production
2026-06-18 20:17:48,INC-1049,Application,order-service,Application,WARN,Fallback to database,production
2026-06-18 20:18:16,INC-1049,Application,order-service,Application,WARN,API latency increased,production
2026-06-18 20:19:29,INC-1049,Redis,order-service,Redis,INFO,Redis restarted,production
2026-06-18 20:20:41,INC-1049,Application,order-service,Application,INFO,Service recovered,production
2026-06-18 20:29:20,INC-1050,Jenkins,auth-service,Jenkins,INFO,Deployment started,production
2026-06-18 20:30:06,INC-1050,Docker,auth-service,Docker,ERROR,Registry authentication failed,production
2026-06-18 20:31:19,INC-1050,Kubernetes,auth-service,Kubernetes,ERROR,ImagePullBackOff,production
2026-06-18 20:32:28,INC-1050,Kubernetes,auth-service,Kubernetes,WARN,Retrying image pull,production
2026-06-18 20:32:50,INC-1050,Jenkins,auth-service,Jenkins,ERROR,Deployment failed,production
